{
	"format_version": "1.8.0",
	"animations": {
		"animation.creaking.look_at_target": {
			"loop": true,
			"bones": {
				"head": {
					"relative_to": {
						"rotation": "entity"
					},
					"rotation": [0, "variable.y_head_rotation - this", 0]
				}
			}
		},
		"animation.creaking.walking": {
			"loop": true,
			"animation_length": 2.3333,
			"anim_time_update": "query.anim_time + (1.6 - math.pow(1.6, 1.0 - 10.0 * query.modified_move_speed)) * query.delta_time",
			"bones": {
				"upperBody": {
					"rotation": {
						"0.0": [26.88023, -23.39896, -9.06159],
						"0.1667": [-2.20932, 5.91189, 0.06747],
						"0.7083": [23.07779, 14.2906, 4.60659],
						"0.9167": [-10, 0, 0],
						"1.125": [7.5, 0, 0],
						"1.4167": [26.88023, -23.39896, -9.06159]
					}
				},
				"head": {
					"rotation": {
						"0.0": [0, 0, 0],
						"0.1667": [-9.55488, -33.2289, -10.35479],
						"0.3333": [0, 0, 0],
						"0.7083": [-15, 0, 0],
						"0.75": [0, 0, 0],
						"0.9167": [0, 15, 0],
						"1.125": [0, 0, 0],
						"2.0": [-15, 0, 0],
						"2.1667": [-7.28947, 42.66439, 3.50408],
						"2.3333": [0, 0, 0]
					}
				},
				"rightArm": {
					"rotation": {
						"0.0": [12.5, 0, 0],
						"0.4583": [-32, 0, 0],
						"1.75": [12, 0, 0],
						"2.2917": [12.5, 0, 0]
					}
				},
				"leftArm": {
					"rotation": {
						"0.0": [-15, 0, 0],
						"0.25": [10, 0, 0],
						"0.4167": [20.95064, -14.97403, -0.89259],
						"1.125": [-22.6379, 10.1919, -25.9717],
						"1.4583": [4.58035, -16.07457, -14.74684],
						"1.5833": [-15.13695, -66.77576, 13.96033],
						"1.75": [-9.0923, 0, 0],
						"2.0": [9.6658, 2.57594, -14.78217],
						"2.2917": [-15, 0, 0]
					}
				},
				"leftLeg": {
					"rotation": {
						"0.0": [0, 0, 0],
						"0.25": [30, 0, 0],
						"0.375": [49.8924, -3.82821, 3.21873],
						"0.5": [17.5, 0, 0],
						"0.625": [-56.56134, -12.2403, -8.73739],
						"0.9167": [0, 0, 0],
						"1.1667": [0, 0, 0],
						"1.4167": [30, 0, 0],
						"1.5417": [32.3924, -3.82821, 3.21873],
						"1.7917": [-56.56134, -12.2403, -8.73739],
						"2.0833": [0, 0, 0],
						"2.3333": [0, 0, 0]
					},
					"position": {
						"0.0": [0, 0, 2],
						"0.25": [0, 0.18459, 0.59789],
						"0.375": [0, -0.06651, -2.21766],
						"0.5": [0, 1.3563, -2.34736],
						"0.625": [0, 0.10465, 0.34441],
						"0.9167": [0, 0, -1],
						"1.1667": [0, 0, 2],
						"1.4167": [0, 0.18459, 0.59789],
						"1.5417": [0, -0.06651, -1.21766],
						"1.7917": [0, 0.10465, 0.34441],
						"2.0833": [0, 0, -1],
						"2.3333": [0, 0, 2]
					}
				},
				"rightLeg": {
					"rotation": {
						"0.0": [25.53051, 11.31255, 5.35254],
						"0.125": [-49.56283, 7.35559, 6.79333],
						"0.375": [0, 0, 0],
						"0.5": [0, 0, 0],
						"0.9167": [30, 0, 0],
						"1.0417": [32.5, 0, 0],
						"1.375": [-49.56283, 7.35559, 6.79333],
						"1.6667": [0, 0, 0],
						"2.0833": [30, 0, 0],
						"2.2083": [32.5, 0, 0],
						"2.3333": [25.53051, 11.31255, 5.35254]
					},
					"position": {
						"0.0": [0, 0.96738, -2.15785],
						"0.125": [0, -0.29785, -0.94108],
						"0.375": [0, -0.3, -0.94],
						"0.5": [0, -0.3, 1.06],
						"1.375": [0, -0.29785, -0.94108],
						"1.6667": [0, -0.3, 1.06],
						"2.3333": [0, 0.96738, -2.15785]
					}
				},
				"body": {
					"rotation": {
						"0.0": [0, 0, 0],
						"0.5": [-7.5, -6.73, 0],
						"0.5833": [0, 0.67, 0],
						"1.1667": [0, 0, 0],
						"1.5417": [-12.40771, 0.4007, -1.61892],
						"1.7083": [-7.5, 10, 0],
						"2.0833": [-7.5, 8.5, 0],
						"2.3333": [0, 0, 0]
					}
				},
				"bone2": {
					"rotation": {
						"0.0": [0, 0, 0],
						"0.5": [37.5, 0, 0],
						"0.9167": [0, 0, 0],
						"1.1667": [0, 0, 0],
						"1.6667": [95, 0, 0],
						"1.9167": [-2, 0, 0],
						"2.0833": [0, 0, 0]
					}
				},
				"bone": {
					"rotation": {
						"0.0": [47.5, 0, 0],
						"0.1667": [47.5, 0, 0],
						"0.3333": [0, 0, 0],
						"0.875": [0, 0, 0],
						"1.25": [80, 0, 0],
						"1.4167": [0, 0, 0],
						"2.0": [-2.27, 0, 0],
						"2.3333": [47.5, 0, 0]
					}
				},
				"bone3": {
					"rotation": {
						"0.0": [-55, 0, 0],
						"0.4167": [-37.5, 0, 0],
						"0.8333": [-2.5, 0, 0],
						"2.2917": [-55, 0, 0]
					}
				},
				"bone4": {
					"rotation": {
						"0.0": [0, 0, 0],
						"1.0417": [0, 0, 0.16],
						"1.2917": [0, 0, 25],
						"2.2083": [0, 0, 2.5]
					}
				}
			}
		},
		"animation.creaking.attacking": {
			"animation_length": 1.125,
			"bones": {
				"upperBody": {
					"rotation": {
						"0.0": [0, 0, 0],
						"0.1667": [0, 45, 0],
						"0.25": [-90, 67.5, -90],
						"0.625": [55, 0, 0],
						"0.875": [0, 45, 0],
						"1.125": [0, 0, 0]
					},
					"position": {
						"0.0": [0, 0, 0],
						"0.1667": [0, 0, 0],
						"0.4583": [0, -2.77164, -1.14805],
						"0.625": [0, 0, 0],
						"0.875": [0, 0, 0],
						"1.125": [0, 0, 0]
					},
					"scale": {
						"0.0": [1, 1, 1],
						"1.125": [1, 1, 1]
					}
				},
				"head": {
					"rotation": {
						"0.0": [0, 0, 0],
						"0.25": [0, -45, 0],
						"0.4167": [-11.25, -45, 0],
						"0.6667": [-45, -45, 0],
						"0.8333": [32.5, -45, 0],
						"0.9167": [30, -45, 0],
						"1.0": [0, -45, 0],
						"1.125": [0, 0, 0]
					},
					"position": {
						"0.0": [0, 0, 0],
						"0.25": [0, 0, 0],
						"0.6667": [0, 0, 0],
						"0.8333": [0.38268, 0.51328, -0.76818],
						"0.9167": [0.38268, 0.51328, -0.76818],
						"1.0": [0, 0, 0],
						"1.125": [0, 0, 0]
					},
					"scale": {
						"0.25": [1, 1, 1],
						"0.6667": [1, 1, 1],
						"0.8333": [1, 1.3, 1],
						"1.0": [1, 1, 1]
					}
				},
				"rightArm": {
					"rotation": {
						"0.0": [0, 0, 0],
						"0.2083": [89.24637, 19.98645, 63.80509],
						"0.5": [-80.39517, 43.4963, 21.35997],
						"0.625": [29.91623, -0.92626, 65.71178],
						"0.8333": [0, 0, 0],
						"0.9167": [0, 0, 0]
					},
					"position": {
						"0.0": [0, 0, 0],
						"0.2083": [0, 0, 0],
						"0.5": [0, 0, 1],
						"0.8333": [0, 0, 0],
						"0.9167": [0, 0, 0]
					}
				},
				"leftLeg": {
					"rotation": {
						"0.0": [0, 0, 0],
						"0.25": [0, 0, 0],
						"1.0": [0, 0, 0],
						"1.125": [0, 0, 0]
					},
					"position": {
						"0.0": [0, 0, 0],
						"0.25": [0, 0, -2],
						"1.0": [0, 0, -2],
						"1.125": [0, 0, 0]
					}
				},
				"rightLeg": {
					"rotation": {
						"0.0": [0, 0, 0],
						"0.25": [0, 45, 0],
						"1.0": [0, 45, 0],
						"1.125": [0, 0, 0]
					},
					"position": {
						"0.0": [0, 0, 0],
						"0.25": [0.70711, 0, 0],
						"1.0": [0.70711, 0, 0],
						"1.125": [0, 0, 0]
					}
				},
				"leftArm": {
					"rotation": {
						"0.0": [0, 0, 0],
						"0.25": [0, 0, 0],
						"0.4167": [10.34527, 14.76689, 2.66399],
						"0.625": [-41.35736, 5.90534, 1.06534],
						"0.75": [57.5, 0, 0],
						"1.0": [0, 0, 0],
						"1.125": [0, 0, 0]
					},
					"position": {
						"0.0": [0, 0, 0],
						"0.625": [0, 0.5, 1.5],
						"1.125": [0, 0, 0]
					}
				},
				"bone3": {
					"rotation": {
						"0.0": [0, 0, 0],
						"0.25": [-61.46, 0, 0],
						"0.625": [-45, 0, 0],
						"1.125": [0, 0, 0]
					}
				}
			}
		},
		"animation.creaking.swaying": {
			"animation_length": 0.75,
			"bones": {
				"upperBody": {
					"rotation": {
						"0.0": [0, 0, 0],
						"0.25": [-5, 0, 0],
						"0.5": [5, 0, 0],
						"0.75": [0, 0, 0]
					},
					"position": {
						"0.0": [0, 0, 0],
						"0.25": [0, 0, 0],
						"0.75": [0, 0, 0]
					}
				},
				"rightArm": {
					"rotation": {
						"0.0": [0, 0, 0],
						"0.0833": [4.17263, 0, 0],
						"0.1667": [13.32737, 0, 0],
						"0.25": [17.5, 0, 0],
						"0.3333": [9.75084, 0, 0],
						"0.4167": [-7.25084, 0, 0],
						"0.5": [-15, 0, 0],
						"0.5833": [-11.42346, 0, 0],
						"0.6667": [-3.57654, 0, 0],
						"0.75": [0, 0, 0]
					},
					"position": {
						"0.0": [0, 0, 0],
						"0.75": [0, 0, 0]
					}
				},
				"leftArm": {
					"rotation": {
						"0.0": {
							"post": [0, 0, 0],