{
	"format_version": "1.12.0",
	"minecraft:geometry": [
		{
			"description": {
				"identifier": "geometry.sheep.sheared.v1.8",
				"texture_width": 64,
				"texture_height": 64,
				"visible_bounds_width": 3,
				"visible_bounds_height": 3.375,
				"visible_bounds_offset": [0, 1.3125, 0]
			},
			"bones": [
				{
					"name": "bb_main",
					"pivot": [0, 0, 0],
					"cubes": [
						{
							"origin": [-4.96875, -5.5, 9.25],
							"size": [9.90625, 17, 9.5],
							"pivot": [-4, 2, 1.75],
							"rotation": [90, 0, 0],
							"uv": {
								"north": {"uv": [34.625, 13.9375], "uv_size": [8.375, 16]},
								"east": {"uv": [28.125, 14.0625], "uv_size": [6.875, 15.875]},
								"south": {"uv": [47.5, 13.9375], "uv_size": [8.5, 16]},
								"west": {"uv": [40.625, 13.9375], "uv_size": [7.625, 16]},
								"up": {"uv": [41.75, 5.6875], "uv_size": [-7.625, 8.25]},
								"down": {"uv": [49.625, 13.75], "uv_size": [-7.5, -8.25]}
							}
						},
						{
							"origin": [-4.74219, 7.41908, -3.07973],
							"size": [9.48438, 13.5, 2.5],
							"pivot": [0, 12.91908, 1.17027],
							"rotation": [82.5, 0, 0],
							"uv": {
								"north": {"uv": [34.5, 14.4375], "uv_size": [7.60938, 10.625]},
								"east": {"uv": [34.125, 14.4375], "uv_size": [2.5, 14]},
								"south": {"uv": [47.5, 13.9375], "uv_size": [8.5, 16]},
								"west": {"uv": [39.375, 13.8125], "uv_size": [2.5, 14]},
								"up": {"uv": [41.75, 5.6875], "uv_size": [-7.625, 8.25]},
								"down": {"uv": [42.85938, 24.875], "uv_size": [-9.48437, -2.5]}
							}
						},
						{
							"origin": [-4.875, 14.53125, 4.75],
							"size": [9.6875, 1.84375, 7],
							"pivot": [-0.26562, 15, 10],
							"rotation": [77.5, 0, 0],
							"uv": {
								"north": {"uv": [42.5, 10.8125], "uv_size": [6.40625, 1.5]},
								"east": {"uv": [28.375, 28.1875], "uv_size": [7, 1.84375]},
								"south": {"uv": [47.75, 29.3125], "uv_size": [8.25, -1.375]},
								"west": {"uv": [40.125, 28.1875], "uv_size": [7, 1.84375]},
								"up": {"uv": [40.53125, 5.6875], "uv_size": [-6.40625, 8]},
								"down": {"uv": [49.625, 13.75], "uv_size": [-7.5, -5.375]}
							}
						},
						{
							"origin": [-4.9375, 15.6756, 10.82539],
							"size": [9.8125, 1.84375, 2.84375],
							"pivot": [-0.26562, 16.14435, 10.57539],
							"rotation": [124, 0, 0],
							"uv": {
								"north": {"uv": [42.5, 10.8125], "uv_size": [6.40625, 1.5]},
								"east": {"uv": [28.375, 27.5625], "uv_size": [2.84375, 1.84375]},
								"south": {"uv": [47.75, 29.3125], "uv_size": [8.25, -1.375]},
								"west": {"uv": [44.5, 28.0625], "uv_size": [2.84375, 1.84375]},
								"up": {"uv": [40.53125, 5.6875], "uv_size": [-6.40625, 8]},
								"down": {"uv": [49.625, 8.125], "uv_size": [-7.5, -2.625]}
							}
						}
					]
				},
				{
					"name": "head",
					"pivot": [0, 18, -5.5],
					"cubes": [
						{
							"origin": [12, 15.3579, -13.81597],
							"size": [3.90625, 1.625, 3.5625],
							"pivot": [7, 15, -17.5],
							"rotation": [125, 180, 0],
							"uv": {
								"north": {"uv": [22.25, 10.75], "uv_size": [2.75, 1.75]},
								"east": {"uv": [4.875, 11.5], "uv_size": [3.5, 1.75]},
								"south": {"uv": [20.5, 10.5], "uv_size": [5.5, 3]},
								"west": {"uv": [12, 11.75], "uv_size": [3.5, 1.5]},
								"up": {"uv": [26.75, 13], "uv_size": [-6, -2.25]},
								"down": {"uv": [12.5, 11.5], "uv_size": [-3.5, -3.25]}
							}
						},
						{
							"origin": [11.10405, 15.0689, -29.98066],
							"size": [5.8125, 6.71875, 5.4375],
							"pivot": [7, 15, -17.5],
							"rotation": [355, 180, 0],
							"uv": {
								"north": {"uv": [22.75, 8.75], "uv_size": [4.25, 4.75]},
								"east": {"uv": [19, 9], "uv_size": [3.75, 4.75]},
								"south": {"uv": [22.5, 8.75], "uv_size": [4.25, 5]},
								"west": {"uv": [0, 9], "uv_size": [3.75, 4.75]},
								"up": {"uv": [13, 5.5], "uv_size": [-4, -5]},
								"down": {"uv": [27, 14], "uv_size": [-6, -6]}
							}
						},
						{
							"origin": [-0.33267, 11.55581, -8.96877],
							"size": [2.56163, 2.19037, 0.891],
							"pivot": [7, 15, -17.5],
							"rotation": [25, 0, 40],
							"uv": {
								"north": {"uv": [15, 9], "uv_size": [3.25, 2.25]},
								"east": {"uv": [19.25, 10.25], "uv_size": [1.5, 3]},
								"south": {"uv": [21.5, 10], "uv_size": [1.75, 2]},
								"west": {"uv": [24.25, 10], "uv_size": [1.25, 3.25]},
								"up": {"uv": [23.5, 13.25], "uv_size": [-1.75, -1.5]},
								"down": {"uv": [22.75, 10.75], "uv_size": [-2, -1.5]}
							}
						},
						{
							"origin": [0.33584, 19.63299, -5.20232],
							"size": [2.56163, 2.19037, 0.891],
							"pivot": [7, 15, -17.5],
							"rotation": [25, 0, 325],
							"uv": {
								"north": {"uv": [4, 9.5], "uv_size": [3.25, 2]},
								"east": {"uv": [21.5, 9], "uv_size": [1.25, 3.25]},
								"south": {"uv": [21.75, 10.25], "uv_size": [1.75, 2]},
								"west": {"uv": [22.75, 9.25], "uv_size": [2, 3]},
								"up": {"uv": [22.75, 12.25], "uv_size": [-1.5, -1.5]},
								"down": {"uv": [26.5, 12.75], "uv_size": [-2, -1.5]}
							}
						},
						{
							"origin": [-2.90625, 13.81148, -11.73622],
							"size": [5.78125, 6.3125, 4.15625],
							"pivot": [7, 15, -17.5],
							"rotation": [15, 0, 0],
							"uv": {
								"north": {"uv": [8.5, 8.5], "uv_size": [5, 5]},
								"east": {"uv": [5.5, 8.5], "uv_size": [3.25, 5]},
								"south": {"uv": [20.5, 8.5], "uv_size": [7.25, 5]},
								"west": {"uv": [13.25, 8.5], "uv_size": [3.25, 5]},
								"up": {"uv": [13.5, 8.75], "uv_size": [-5, -3.25]},
								"down": {"uv": [20, 6.75], "uv_size": [-6, -6]}
							}
						},
						{
							"origin": [-2.8125, 22.24445, -15.82693],
							"size": [5.59375, 5.5, 6.6875],
							"pivot": [7, 15, -17.5],
							"rotation": [310, 0, 0],
							"uv": {
								"north": {"uv": [21.75, 8], "uv_size": [6, 6]},
								"east": {"uv": [0, 11], "uv_size": [3.75, 3]},
								"south": {"uv": [21, 9], "uv_size": [7, 5]},
								"west": {"uv": [19, 11], "uv_size": [4, 3]},
								"up": {"uv": [13, 5.5], "uv_size": [-4, -5]},
								"down": {"uv": [20, 6], "uv_size": [-6, -6]}
							}
						},
						{
							"origin": [-2.875, 22.09515, -22.00463],
							"size": [5.71875, 6.375, 5.59375],
							"pivot": [7, 15, -17.5],
							"rotation": [285, 0, 0],
							"uv": {
								"north": {"uv": [19.25, 8.5], "uv_size": [8, 5]},
								"east": {"uv": [21, 8.5], "uv_size": [4, 4.75]},
								"south": {"uv": [20.5, 8.5], "uv_size": [6.75, 5]},
								"west": {"uv": [23.25, 9], "uv_size": [4, 4.5]},
								"up": {"uv": [27.25, 13], "uv_size": [-4.25, -4]},
								"down": {"uv": [28, 14], "uv_size": [-7.75, -6]}
							}
						},
						{
							"origin": [-2, 13.66679, -14.29388],
							"size": [4.03125, 3.15625, 6.21875],
							"pivot": [7, 15, -17.5],
							"rotation": [20, 0, 0],
							"uv": {
								"north": {"uv": [9.25, 11.25], "uv_size": [3.25, 2.75]},
								"east": {"uv": [5.25, 11.25], "uv_size": [4, 2.75]},
								"south": {"uv": [20.5, 8.5], "uv_size": [7.25, 5]},
								"west": {"uv": [12.75, 11.5], "uv_size": [4, 2.25]},
								"up": {"uv": [24.75, 13.5], "uv_size": [-3.5, -3.5]},
								"down": {"uv": [18.5, 8], "uv_size": [-3.5, -3.75]}
							}
						}
					]
				},
				{
					"name": "body",
					"pivot": [0, 19, 2]
				},
				{
					"name": "leg0",
					"parent": "body",
					"pivot": [-3, 12, 7],
					"cubes": [
						{
							"origin": [-4.5, 0.5, 5.5],
							"size": [3, 11.5, 3],
							"inflate": 0.5,
							"uv": {
								"north": {"uv": [4, 20], "uv_size": [4, 11.625]},
								"east": {"uv": [0, 20], "uv_size": [4, 11.625]},
								"south": {"uv": [12, 20], "uv_size": [4, 11.625]},
								"west": {"uv": [8, 20], "uv_size": [4, 11.625]},
								"up": {"uv": [4, 16], "uv_size": [4, 4]},
								"down": {"uv": [8, 20], "uv_size": [4, -4]}
							}
						}
					]
				},
				{
					"name": "leg1",
					"parent": "body",
					"pivot": [3, 12, 7],