{
	"format_version": "1.8.0",
	"animations": {
		"animation.skeleton.stray.v1.8.base": {
			"loop": true,
			"animation_length": 2.5,
			"bones": {
				"upper_body": {
					"rotation": {
						"0.0": [7.5, 0, 0.6],
						"1.25": [2.5, 0, 0.6],
						"2.5": [7.5, 0, 0.6]
					},
					"position": {
						"0.0": [0, 0, -0.1],
						"2.5": [0, 0, -0.1]
					}
				},
				"rightArm": {
					"rotation": {
						"0.0": [1.30514, 12.6294, 6.3174],
						"0.3333": [2.30514, 12.6294, 6.3174],
						"1.25": [-0.69486, 10.6294, 6.3174],
						"1.4583": [-1.2282, 10.6294, 6.3174],
						"2.5": [1.30514, 12.6294, 6.3174]
					},
					"position": {
						"0.0": [0, 0.2, 0],
						"2.5": [0, 0.2, 0]
					}
				},
				"leftArm": {
					"rotation": {
						"0.0": [-2.00349, 3.92778, -5.13851],
						"0.25": [-0.00349, 3.92778, -5.13851],
						"1.25": [-6.00349, 3.92778, -5.13851],
						"1.5": [-7.60006, 3.92778, -5.13851],
						"2.5": [-2.00349, 3.92778, -5.13851]
					},
					"position": {
						"0.0": [0.1, -0.4, 0],
						"1.25": [0.1, -0.4, -0.3],
						"2.5": [0.1, -0.4, 0]
					}
				},
				"head": {
					"rotation": {
						"0.0": [-3, 0, 0],
						"0.4167": [-0.5, 0, 0],
						"1.25": [-3, 0, 0],
						"1.625": [-5.5, 0, 0],
						"2.5": [-3, 0, 0]
					}
				},
				"rightLeg": {
					"rotation": {
						"0.0": [6, 0, 4],
						"1.25": [5, 0, 4],
						"2.5": [6, 0, 4]
					},
					"position": {
						"0.0": [0, 0, 0],
						"1.25": [0, 0, 0.2],
						"2.5": [0, 0, 0]
					}
				},
				"leftLeg": {
					"rotation": {
						"0.0": [-4.40634, -15.21959, -1.48655],
						"1.3333": [-5.40634, -15.21959, -1.48655],
						"2.5": [-4.40634, -15.21959, -1.48655]
					},
					"position": {
						"0.0": [0, 0, -0.7],
						"1.3333": [0, 0, -0.5],
						"2.5": [0, 0, -0.7]
					}
				}
			}
		},
		"animation.skeleton.stray.v1.8.walking": {
			"loop": true,
			"animation_length": 1.5,
			"anim_time_update": "query.modified_distance_moved * 0.122",
			"bones": {
				"waist": {
					"position": {
						"0.0": [0, 0, 0],
						"0.375": [0, 0.4, 0],
						"0.75": [0, 0, 0],
						"1.125": [0, 0.4, 0],
						"1.5": [0, 0, 0]
					}
				},
				"upper_body": {
					"rotation": {
						"0.0": [5.9997, 1.3349, -2.1994],
						"0.375": [3, 0, 0],
						"0.75": [5.9997, -1.3349, 2.1994],
						"1.1667": [3, 0, 0],
						"1.5": [5.9997, 1.3349, -2.1994]
					},
					"position": {
						"0.0": [0, -0.3, 0],
						"0.25": [0, -1.5, 0],
						"0.4583": [0, 0.25, 0],
						"0.75": [0, -0.3, 0],
						"1.0": [0, -1.5, 0],
						"1.25": [0, -0.25, 0],
						"1.5": [0, -0.3, 0]
					}
				},
				"body": {
					"rotation": {
						"0.0": [2, 4, 0],
						"0.375": [3, 0.45, 0],
						"0.75": [2, -4, 0],
						"1.125": [3, -0.45, 0],
						"1.5": [2, 4, 0]
					},
					"position": {
						"0.0": [0, 0, -0.3],
						"0.375": [0, 0, 0.1],
						"0.75": [0, 0, -0.3],
						"1.125": [0, 0, 0.1],
						"1.5": [0, 0, -0.3]
					}
				},
				"rightArm": {
					"rotation": {
						"0.0": [12, -3, 2],
						"0.75": [-18.90724, 4.4321, 0.592],
						"1.5": [12, -3, 2]
					},
					"position": {
						"0.0": [0, 0, 0.8],
						"0.125": [0, -0.3, 0.51],
						"0.4167": [0, 0.18, -0.08],
						"0.5417": [0, 0.17, -0.38],
						"0.75": [0, 0, -0.8],
						"0.9167": [0, -0.3, -0.49],
						"1.2083": [0, 0.18, 0.25],
						"1.3333": [0, 0.17, 0.51],
						"1.5": [0, 0, 0.8]
					}
				},
				"leftArm": {
					"rotation": {
						"0.0": [-18.90724, -4.43212, -0.59201],
						"0.75": [23, 3, -2],
						"1.5": [-18.90724, -4.43212, -0.59201]
					},
					"position": {
						"0.0": [0, 0, -0.8],
						"0.125": [0, -0.3, -0.51],
						"0.4167": [0, 0.18, 0.08],
						"0.5417": [0, 0.17, 0.38],
						"0.75": [0, 0, 0.8],
						"0.9167": [0, -0.3, 0.49],
						"1.2083": [0, 0.18, -0.25],
						"1.3333": [0, 0.17, -0.51],
						"1.5": [0, 0, -0.8]
					}
				},
				"head": {
					"rotation": {
						"0.0": [2, 0.5, -1.5988],
						"0.25": [5.76249, 0.16974, 0.99496],
						"0.5": [-2.6999, 0, -0.995],
						"0.75": [2, -0.5, 1.5988],
						"0.9583": [5.75867, 0.27011, -0.995],
						"1.2083": [-2.7, 0, 0.995],
						"1.5": [2, 0.5, -1.5988]
					}
				},
				"rightLeg": {
					"rotation": {
						"0.0": [-19, -0.5, 0.2],
						"0.75": [17, 3.7, 0.7],
						"1.0": [29.4, -3, -1.2],
						"1.2083": [8.8, -0.6, 0.4],
						"1.5": [-19, -0.5, 0.2]
					},
					"position": {
						"0.0": [0, 0, -1.7],
						"0.5": [0, 0.2, 1.1],
						"0.75": [0, 0, 1.1],
						"1.0": [0, 0, -0.43],
						"1.2083": [0, 2.43, -2.65],
						"1.5": [0, 0, -1.7]
					}
				},
				"leftLeg": {
					"rotation": {
						"0.0": [17, -3.7, -0.7],
						"0.25": [29.2, -3, -1.2],
						"0.5": [8.8, -0.6, -0.4],
						"0.75": [-19, 0.5, -0.2],
						"1.5": [17, -3.7, -0.7]
					},
					"position": {
						"0.0": [0, 0, 1.1],
						"0.25": [0, 0, -0.43],
						"0.5": [0, 2.43, -2.65],
						"0.75": [0, 0, -1.7],
						"1.2083": [0, 0, 1.11],
						"1.5": [0, 0, 1.1]
					}
				}
			}
		},
		"animation.skeleton.stray.v1.8.hold_bow": {
			"loop": true,
			"animation_length": 0.54167,
			"bones": {
				"rightArm": {
					"rotation": ["-81.5629 + math.clamp(query.target_x_rotation, -30, 25) -this", 73.7535, 8.15054],
					"position": [0, "-0.3 + math.clamp(-query.target_x_rotation, -40, 0)*0.0475 -this", -0.1]
				},
				"rightItem": {
					"rotation": [0, -4, 0],
					"position": [0, 0, 0]
				},
				"leftArm": {
					"rotation": ["-205.041 + math.clamp(query.target_x_rotation, -15, 25) -this", 70.3064, -116.58714],
					"position": [-1.6, 1.1, -3.7]
				}
			}
		},
		"animation.skeleton.stray.v1.8.hold_stand": {
			"loop": true,
			"animation_length": 2.25,
			"bones": {
				"upper_body": {
					"rotation": {
						"0.0": [2, -82, 0.6],
						"1.125": [4.3729, -82, 0.9571],
						"2.25": [2, -82, 0.6]
					},
					"position": {
						"0.0": [0, 0, -0.1],
						"2.25": [0, 0, -0.1]
					}
				},
				"body": {
					"rotation": [0, "9 + math.clamp(query.target_y_rotation, -27, 27) -this", 0]
				},
				"head": {
					"rotation": {
						"0.0": [-23.01821, 82.71106, -27.74672],
						"0.2917": [-29.65164, 81.95152, -34.45435],
						"1.125": [-29.81423, 82.26538, -34.60137],
						"1.5": [-21.02, 82.50906, -25.74421],
						"2.25": [-23.01821, 82.71106, -27.74672]
					},
					"position": {
						"0.0": [-0.1, 0, 0],
						"1.125": [-0.1, 0, 0],
						"2.25": [-0.1, 0, 0]
					}
				},
				"rightLeg": {
					"rotation": [-15.85831, 3.8903, 5.1426],
					"position": [0, -0.2, -1.7]
				},
				"leftLeg": {
					"rotation": {
						"0.0": [10.01876, -7.93998, -9.0681],
						"1.125": [9.73762, -8.14483, -7.05885],
						"2.25": [10.01876, -7.93998, -9.0681]
					},
					"position": {
						"0.0": [0.1, 0, 1.4],
						"1.125": [0.6, 0, 1.4],
						"2.25": [0.1, 0, 1.4]
					}
				}
			}
		},
		"animation.skeleton.stray.v1.8.hold_walk": {
			"loop": true,
			"animation_length": 1.51724,
			"anim_time_update": "query.modified_distance_moved * 0.14",
			"bones": {
				"upper_body": {
					"rotation": {
						"0.0": [11.8514, -87.96753, -8.47329],
						"0.3448": [-19.1812, -86.82971, 23.86646],
						"0.7586": [11.8514, -87.96753, -8.47329],
						"1.1379": [-19.1812, -86.82971, 23.86646],
						"1.5172": [11.8514, -87.96753, -8.47329]
					},
					"position": {
						"0.0": [0, 0.15, 0],
						"0.3448": [0, -0.9, 0],
						"0.7586": [0, 0.15, 0],
						"1.1379": [0, -0.9, 0],
						"1.5172": [0, 0.15, 0]
					}
				},
				"body": {
					"rotation": [0, "9 + math.clamp(query.target_y_rotation, -27, 27) -this", 0]
				},
				"head": {
					"rotation": {
						"0.0": [-4.3019, 83.2391, -11.9132],
						"0.4483": [-37.93192, 81.55545, -39.77586],
						"0.7586": [-4.3019, 83.2391, -11.9132],
						"1.1724": [-37.93192, 81.55545, -39.77586],
						"1.5172": [-4.3019, 83.2391, -11.9132]
					},
					"position": {
						"0.0": [-0.1, 0, 0],
						"0.4483": [-0.1, 0, 0.1],
						"0.7586": [-0.1, 0, 0],
						"1.1724": [-0.1, 0, 0.1],