{
	"format_version": "1.8.0",
	"animations": {
		"animation.zombie_piglin.base": {
			"loop": true,
			"animation_length": 3,
			"bones": {
				"body1": {
					"scale": {
						"0.0": [1, 1, 1],
						"1.5": [1.025, 1, 1.05],
						"3.0": [1, 1, 1]
					}
				},
				"leftarm": {
					"rotation": {
						"0.0": [-15.39301, 0.71396, -5.03342],
						"1.5": [-19.40222, 0.39834, -5.98235],
						"3.0": [-15.39301, 0.71396, -5.03342]
					},
					"position": {
						"0.0": [0, 0, -2],
						"0.75": [0, -0.7, -2],
						"1.5": [0, 0, -2],
						"2.1667": [0, 0.7, -2],
						"3.0": [0, 0, -2]
					}
				},
				"rightarm": {
					"rotation": {
						"0.0": [-31.43388, 6.32548, 10.2183],
						"1.5": [-23.09685, 7.1136, 12.0692],
						"3.0": [-31.43388, 6.32548, 10.2183]
					},
					"position": {
						"0.0": [-0.2, -0.3, -0.4],
						"0.75": [-0.2, -1, -0.4],
						"1.5": [-0.2, -0.3, -0.4],
						"2.1667": [-0.2, 0.4, -0.4],
						"3.0": [-0.2, -0.3, -0.4]
					}
				},
				"head": {
					"rotation": {
						"0.0": [1.98421, 13.34041, -5.43472],
						"0.5417": [6.12862, 13.31543, -4.80618],
						"1.5": [1.98421, 13.34041, -2.4347],
						"2.0": [-1.83736, 13.29034, -0.30146],
						"3.0": [1.98421, 13.34041, -5.43472]
					},
					"position": {
						"0.0": [0, 0, 0],
						"0.4167": [0, -0.3, 0],
						"1.5": [0, 0, 0],
						"1.9167": [0, 0.1, 0],
						"3.0": [0, 0, 0]
					}
				},
				"leftear": {
					"rotation": {
						"0.0": [0, 0, 14],
						"0.625": [0, 0, 17],
						"1.5": [0, 0, 14],
						"2.2917": [0, 0, 11],
						"3.0": [0, 0, 14]
					}
				},
				"mouth": {
					"position": {
						"0.0": [0, 0, 0],
						"0.5": [0, 0, 0],
						"0.7083": [0, 0.13, 0],
						"1.25": [0, 0, 0],
						"1.625": [0, 0.13, 0],
						"2.1667": [0, 0, 0],
						"3.0": [0, 0, 0]
					},
					"scale": {
						"0.0": [1, 1, 1],
						"0.5": [1, 1, 1],
						"0.7083": [1.01, 1.05, 1],
						"1.25": [1, 1, 1],
						"1.625": [1.01, 1.05, 1],
						"2.1667": [1, 1, 1],
						"3.0": [1, 1, 1]
					}
				}
			}
		},
		"animation.zombie_piglin.walking": {
			"loop": true,
			"animation_length": 2,
			"anim_time_update": "query.modified_distance_moved * 0.20",
			"bones": {
				"Root": {
					"position": {
						"0.0": [0, 0, 0],
						"0.4583": [0, 0.35, 0],
						"1.0": [0, 0, 0],
						"1.5": [0, 0.35, 0],
						"2.0": [0, 0, 0]
					}
				},
				"upper_body": {
					"rotation": {
						"0.0": [19, 0, -2.9],
						"0.375": [10, 0, 0],
						"1.0": [19, 0, 2.9],
						"1.375": [10, 0, 0],
						"2.0": [19, 0, -2.9]
					},
					"position": {
						"0.0": [0, -0.2, 0.9],
						"0.375": [0, -1.9, 0.5],
						"1.0": [0, -0.2, 0.9],
						"1.375": [0, -1.9, 0.5],
						"2.0": [0, -0.2, 0.9]
					}
				},
				"leftarm": {
					"rotation": {
						"0.0": [-103.49874, -10.549, 2.1203],
						"0.2917": [-95.4987, -10.549, 2.1203],
						"0.6667": [-106.4399, -10.549, 2.1203],
						"1.0": [-103.49874, -10.549, 2.1203],
						"1.2917": [-95.4987, -5.549, 2.1203],
						"1.6667": [-106.4399, -7.549, 2.1203],
						"2.0": [-103.49874, -10.549, 2.1203]
					},
					"position": {
						"0.0": [0, -0.5, -0.9],
						"1.0": [0, -0.5, -0.9],
						"2.0": [0, -0.5, -0.9]
					}
				},
				"rightarm": {
					"rotation": {
						"0.0": [-103.49874, 10.54899, -2.12034],
						"0.2917": [-95.4987, 5.549, -2.12034],
						"0.6667": [-106.4399, 7.549, -2.12034],
						"1.0": [-103.49874, 10.54899, -2.12034],
						"1.2917": [-95.4987, 10.549, -2.12034],
						"1.625": [-106.4399, 10.549, -2.12034],
						"2.0": [-103.49874, 10.54899, -2.12034]
					},
					"position": {
						"0.0": [0, -0.5, -0.9],
						"1.0": [0, -0.5, -0.9],
						"2.0": [0, -0.5, -0.9]
					}
				},
				"head": {
					"rotation": {
						"0.0": [-4.96292, -0.60859, -3.9736],
						"0.25": [-0.96292, -0.60859, -3.9736],
						"0.625": [-11.96292, -0.60859, 0],
						"1.0": [-4.96292, -0.60859, 1.9736],
						"1.25": [-0.96292, -0.60859, 3.9736],
						"1.625": [-11.96292, -0.60859, 0],
						"2.0": [-4.96292, -0.60859, -3.9736]
					}
				},
				"leftear": {
					"rotation": {
						"0.0": [0, 0, -1],
						"0.3333": [0, 0, -6],
						"1.0": [0, 0, 21],
						"1.375": [0, 0, 24],
						"2.0": [0, 0, -1]
					}
				},
				"mouth": {
					"position": {
						"0.0": [0, 0, 0],
						"0.625": [0, 0, 0],
						"0.8333": [0, 0.13, 0],
						"1.125": [0, 0, 0],
						"2.0": [0, 0, 0]
					},
					"scale": {
						"0.0": [1, 1, 1],
						"0.625": [1, 1, 1],
						"0.8333": [1.01, 1.05, 1],
						"1.125": [1, 1, 1],
						"2.0": [1, 1, 1]
					}
				},
				"rightleg": {
					"rotation": {
						"0.0": [-24, 2, 1.5],
						"1.0": [27, 0.3, 0],
						"1.25": [42.25, 0.725, 0.05],
						"1.625": [5.6, 1.3, 0.1],
						"2.0": [-24, 2, 1.5]
					},
					"position": {
						"0.0": [-0.2, -0.6, -1.5],
						"1.0": [-0.3, -0.3, 0.8],
						"1.25": [-0.28, -0.8, -2.57],
						"1.625": [-0.24, 1.71, -3.83],
						"2.0": [-0.2, -0.6, -1.5]
					}
				},
				"leftleg": {
					"rotation": {
						"0.0": [27, -0.3, 0],
						"0.25": [42.25, -0.725, -0.05],
						"0.625": [5.6, -1.3, -0.1],
						"1.0": [-24, -2, -1.5],
						"2.0": [27, -0.3, 0]
					},
					"position": {
						"0.0": [0.3, -0.3, 0.8],
						"0.25": [0.28, -0.8, -2.57],
						"0.625": [0.24, 1.71, -3.83],
						"1.0": [0.2, -0.6, -1.5],
						"2.0": [0.3, -0.3, 0.8]
					}
				}
			}
		},
		"animation.zombie_piglin.running": {
			"loop": true,
			"animation_length": 2,
			"anim_time_update": "query.modified_distance_moved * 0.192",
			"bones": {
				"Root": {
					"position": {
						"0.0": [0, 0, 0],
						"0.4583": [0, 0.35, 0],
						"1.0": [0, 0, 0],
						"1.5": [0, 0.35, 0],
						"2.0": [0, 0, 0]
					}
				},
				"upper_body": {
					"rotation": {
						"0.0": [35, 0, -1.9],
						"0.375": [31, 0, 0],
						"1.0": [35, 0, 1.9],
						"1.375": [31, 0, 0],
						"2.0": [35, 0, -1.9]
					},
					"position": {
						"0.0": [0, -0.2, 0.9],
						"0.375": [0, -1.9, 0.5],
						"0.6667": [0, 0, 0.69],
						"1.0": [0, -0.2, 0.9],
						"1.375": [0, -1.9, 0.5],
						"1.6667": [0, 0, 0.71],
						"2.0": [0, -0.2, 0.9]
					}
				},
				"leftarm": {
					"rotation": {
						"0.0": [-103.49874, -10.549, 2.1203],
						"0.4583": [-88.4987, -10.549, 2.1203],
						"1.0": [-103.49874, -10.549, 2.1203],
						"1.5": [-88.4987, -10.549, 2.1203],
						"2.0": [-103.49874, -10.549, 2.1203]
					},
					"position": {
						"0.0": [0, -0.5, -0.9],
						"1.0": [0, -0.5, -0.9],
						"2.0": [0, -0.5, -0.9]
					}
				},
				"rightarm": {
					"rotation": {
						"0.0": [-123.49874, 10.54899, -2.12034],
						"0.4583": [-110.4987, 10.54899, -2.12034],
						"1.0": [-123.49874, 10.54899, -2.12034],
						"1.4167": [-110.4987, 10.54899, -2.12034],
						"2.0": [-123.49874, 10.54899, -2.12034]
					},
					"position": {
						"0.0": [0, -0.5, -0.9],
						"1.0": [0, -0.5, -0.9],
						"2.0": [0, -0.5, -0.9]
					}
				},
				"head": {
					"rotation": {
						"0.0": [-26.9629, -0.60859, -3.2736],
						"0.4167": [-31.2629, -0.60859, 0],
						"1.0": [-26.9629, -0.60859, 3.2736],
						"1.4167": [-31.2629, -0.60859, 0],
						"2.0": [-26.9629, -0.60859, -3.2736]
					}
				},
				"leftear": {
					"rotation": {
						"0.0": [0, 0, -1],
						"0.3333": [0, 0, -6],
						"1.0": [0, 0, 21],
						"1.375": [0, 0, 24],
						"2.0": [0, 0, -1]
					}
				},
				"rightleg": {
					"rotation": {
						"0.0": [-24, 2, 1.5],
						"1.0": [35, 0.3, 0],
						"1.25": [55.25, 0.725, 0.05],
						"1.625": [5.6, 1.3, 0.1],
						"2.0": [-24, 2, 1.5]
					},
					"position": {
						"0.0": [-0.2, -0.6, -1.5],
						"1.0": [-0.3, -0.3, 0.8],
						"1.25": [-0.28, 1.3, -3.87],
						"1.625": [-0.24, 1.81, -3.83],
						"2.0": [-0.2, -0.6, -1.5]
					}
				},
				"leftleg": {
					"rotation": {
						"0.0": [35, -0.3, 0],
						"0.25": [55.25, -0.725, -0.05],
						"0.625": [5.6, -1.3, -0.1],
						"1.0": [-24, -2, -1.5],
						"1.9583": [35, -0.3, 0]
					},