{
	"format_version": "1.8.0",
	"animations": {
		"animation.pig.v1.8.base": {
			"loop": true,
			"animation_length": 3,
			"bones": {
				"upper_body": {
					"rotation": {
						"0.0": [2, 0, 0],
						"1.4583": [1, 0, 0],
						"3.0": [2, 0, 0]
					},
					"position": {
						"0.0": [0, -0.55, 0],
						"1.4583": [0, 0, 0],
						"3.0": [0, -0.55, 0]
					}
				},
				"body": {
					"rotation": [-0.5, 0, 0],
					"position": {
						"0.0": [0, -0.05, 0],
						"1.5": [0, -0.05, 0],
						"3.0": [0, -0.05, 0]
					},
					"scale": {
						"0.0": [1.025, 1, 1.015],
						"1.5": [1, 1, 1],
						"3.0": [1.025, 1, 1.015]
					}
				},
				"head": {
					"rotation": {
						"0.0": [0, 0, 0],
						"0.5": [2.5, 0, 0],
						"1.5": [-1, 0, 0],
						"2.0": [-2.5, 0, 0],
						"3.0": [0, 0, 0]
					},
					"position": {
						"0.0": [0, 0, 0],
						"0.5": [0, -0.3, 0],
						"1.5": [0, 0, 0],
						"2.0": [0, 0.3, 0],
						"3.0": [0, 0, 0]
					}
				},
				"nose": {
					"position": {
						"0.0": [0, 0, 0],
						"0.5": [0, 0, 0],
						"0.7083": [0, 0.23, 0],
						"1.25": [0, 0, 0],
						"1.4583": [0, 0.13, 0],
						"1.625": [0, 0, 0],
						"1.7917": [0, 0, 0],
						"2.0": [0, 0.23, 0],
						"2.1667": [0, 0, 0],
						"2.3333": [0, 0.13, 0],
						"2.5": [0, 0, 0],
						"3.0": [0, 0, 0]
					},
					"scale": {
						"0.0": [1, 1, 1],
						"0.5": [1, 1, 1],
						"0.7083": [1.01, 1.039, 1],
						"1.25": [1, 1, 1],
						"1.4583": [1.01, 1.039, 1],
						"1.625": [1, 1, 1],
						"1.7917": [1, 1, 1],
						"2.0": [1.01, 1.039, 1],
						"2.1667": [1, 1, 1],
						"2.3333": [1.01, 1.039, 1],
						"2.5": [1, 1, 1],
						"3.0": [1, 1, 1]
					}
				},
				"leg0": {
					"rotation": {
						"0.0": [0, 3, 0.5],
						"1.5": [1, 3, 0.5],
						"3.0": [0, 3, 0.5]
					},
					"position": {
						"0.0": [-0.1, 0, -0.6],
						"1.5": [-0.1, 0, -0.7],
						"3.0": [-0.1, 0, -0.6]
					}
				},
				"leg1": {
					"rotation": {
						"0.0": [2, -5, 0],
						"1.5": [3, -5, 0],
						"3.0": [2, -5, 0]
					},
					"position": {
						"0.0": [0.1, 0, -0.3],
						"1.5": [0.1, 0, -0.4],
						"3.0": [0.1, 0, -0.3]
					}
				},
				"leg2": {
					"rotation": {
						"0.0": [0.06992, 3.99939, 1.00244],
						"1.5": [1.06992, 3.99939, 1.00244],
						"3.0": [0.06992, 3.99939, 1.00244]
					},
					"position": {
						"0.0": [0, 0, -0.3],
						"1.5": [0, 0, -0.4],
						"3.0": [0, 0, -0.3]
					}
				},
				"leg3": {
					"rotation": {
						"0.0": [0, -3, -1],
						"1.5": [1, -3, -1],
						"3.0": [0, -3, -1]
					},
					"position": {
						"0.0": [0, 0, 0.1],
						"1.5": [0, 0, 0],
						"3.0": [0, 0, 0.1]
					}
				}
			}
		},
		"animation.pig.v1.8.base_face": {
			"loop": true,
			"animation_length": 10,
			"bones": {
				"eye_r": {
					"scale": [1, "1+math.clamp(-variable.eye_target_y, 0, 23)*0.0076", 1]
				},
				"eyelid_right": {
					"position": {
						"1.0": [0.1, -1, 0.1],
						"1.0417": [0, "-1+math.clamp(-variable.eye_target_y, 0, 23)*0.0076", 0],
						"1.1667": [0, "-1+math.clamp(-variable.eye_target_y, 0, 23)*0.0076", 0],
						"1.3333": [0, "-1+math.clamp(-variable.eye_target_y, 0, 23)*0.0076", 0],
						"1.375": [0.1, -1, 0.1],
						"6.5": [0.1, -1, 0.1],
						"6.5417": [0, "-1+math.clamp(-variable.eye_target_y, 0, 23)*0.0076", 0],
						"6.6667": [0, "-1+math.clamp(-variable.eye_target_y, 0, 23)*0.0076", 0],
						"6.8333": [0, "-1+math.clamp(-variable.eye_target_y, 0, 23)*0.0076", 0],
						"6.875": [0.1, -1, 0.1]
					},
					"scale": {
						"1.0417": [1, 0.001, 1],
						"1.1667": [1, "1+math.clamp(-variable.eye_target_y, 0, 23)*0.0076", 1],
						"1.3333": [1, 0.001, 1],
						"6.5417": [1, 0.001, 1],
						"6.6667": [1, "1+math.clamp(-variable.eye_target_y, 0, 23)*0.0076", 1],
						"6.8333": [1, 0.001, 1]
					}
				},
				"eyelid_left": {
					"position": {
						"1.0": [-0.1, -1, 0.1],
						"1.0417": [0, "-1+math.clamp(-variable.eye_target_y, 0, 23)*0.0076", 0],
						"1.1667": [0, "-1+math.clamp(-variable.eye_target_y, 0, 23)*0.0076", 0],
						"1.3333": [0, "-1+math.clamp(-variable.eye_target_y, 0, 23)*0.0076", 0],
						"1.375": [-0.1, -1, 0.1],
						"6.5": [-0.1, -1, 0.1],
						"6.5417": [0, "-1+math.clamp(-variable.eye_target_y, 0, 23)*0.0076", 0],
						"6.6667": [0, "-1+math.clamp(-variable.eye_target_y, 0, 23)*0.0076", 0],
						"6.8333": [0, "-1+math.clamp(-variable.eye_target_y, 0, 23)*0.0076", 0],
						"6.875": [-0.1, -1, 0.1]
					},
					"scale": {
						"1.0417": [1, 0.001, 1],
						"1.1667": [1, "1+math.clamp(-variable.eye_target_y, 0, 23)*0.0076", 1],
						"1.3333": [1, 0.001, 1],
						"6.5417": [1, 0.001, 1],
						"6.6667": [1, "1+math.clamp(-variable.eye_target_y, 0, 23)*0.0076", 1],
						"6.8333": [1, 0.001, 1]
					}
				},
				"eye_l": {
					"scale": [1, "1+math.clamp(-variable.eye_target_y, 0, 23)*0.0076", 1]
				}
			}
		},
		"animation.pig.v1.8.death_face": {
			"loop": "hold_on_last_frame",
			"animation_length": 0.20833,
			"bones": {
				"eyelid_right": {
					"position": {
						"0.0": [0.1, -1, 0.1],
						"0.0417": [0, -1, 0],
						"0.2083": [0, -1, 0]
					},
					"scale": {
						"0.0417": [1, 0.001, 1],
						"0.2083": [1, 1, 1]
					}
				},
				"eyelid_left": {
					"position": {
						"0.0": [-0.1, -1, 0.1],
						"0.0417": [0, -1, 0],
						"0.2083": [0, -1, 0]
					},
					"scale": {
						"0.0417": [1, 0.001, 1],
						"0.2083": [1, 1, 1]
					}
				}
			}
		},
		"animation.pig.v1.8.walking": {
			"loop": true,
			"animation_length": 2,
			"anim_time_update": "query.modified_distance_moved * 0.16",
			"bones": {
				"Root": {
					"rotation": [0, 0, 0],
					"position": [0, 0, 0]
				},
				"upper_body": {
					"rotation": {
						"0.0": [2, 0, -2.5],
						"0.5": [0, 0, 0],
						"1.0": [2, 0, 2.5],
						"1.5": [0, 0, 0],
						"2.0": [2, 0, -2.5]
					},
					"position": {
						"0.0": [0, 0, 0],
						"0.25": [0, -0.5, 0],
						"0.5": [0, -0.3, 0],
						"0.75": [0, 0.3, 0],
						"1.0": [0, 0, 0],
						"1.25": [0, -0.5, 0],
						"1.5": [0, -0.3, 0],
						"1.75": [0, 0.3, 0],
						"2.0": [0, 0, 0]
					}
				},
				"body": {
					"rotation": {
						"0.0": [0, 1, 0],
						"0.9583": [0, -1, 0],
						"2.0": [0, 1, 0]
					},
					"position": {
						"0.0": [0, 0, 0],
						"1.0": [0, 0, 0],
						"2.0": [0, 0, 0]
					}
				},
				"head": {
					"rotation": {
						"0.0": [0, 0, 0],
						"0.5": [3, 0, 0],
						"1.0": [0, 0, 0],
						"1.5": [3, 0, 0],
						"2.0": [0, 0, 0]
					},
					"position": {
						"0.0": [0, 0, 0],
						"1.0": [0, 0, 0],
						"2.0": [0, 0, 0]
					}
				},
				"nose": {
					"position": {
						"0.0": [0, 0, 0],
						"0.5": [0, -0.3, 0],
						"1.0": [0, 0, 0],
						"1.4583": [0, -0.3, 0],
						"2.0": [0, 0, 0]
					}
				},
				"leg0": {
					"rotation": {
						"0.0": [23, 0, -0.7],
						"0.25": [35, 0, -0.7],
						"0.5": [40, 0, -0.7],
						"0.75": [10, 0, -0.7],
						"1.0": [-24, 0, -1],
						"1.25": [-4, 0, -1],
						"1.5": [10, 0, -1],
						"1.75": [19, 0, -1],
						"2.0": [23, 0, -0.7]
					},
					"position": {
						"0.0": [-0.2, 0, -0.3],
						"0.25": [-0.2, 0, -2.5],
						"0.5": [-0.2, 0.5, -3.7],
						"0.75": [-0.2, 0.7, -2.9],
						"1.0": [-0.2, 0, -0.6],
						"1.25": [-0.2, 0, -1],
						"2.0": [-0.2, 0, -0.3]
					}
				},
				"leg1": {
					"rotation": {
						"0.0": [-24, 0, 1],
						"0.25": [-4, 0, 1],
						"0.5": [10, 0, 1],
						"0.75": [19, 0, 1],
						"1.0": [23, 0, 0.7],
						"1.25": [35, 0, 0.7],
						"1.5": [40, 0, 0.7],
						"1.75": [10, 0, 0.7],
						"2.0": [-24, 0, 1]
					},
					"position": {
						"0.0": [0.2, 0, -0.6],
						"0.25": [0.2, 0, -1],
						"1.0": [0.2, 0, -0.3],
						"1.25": [0.2, 0, -2.5],
						"1.5": [0.2, 0.5, -3.7],
						"1.75": [0.2, 0.7, -2.9],
						"2.0": [0.2, 0, -0.6]
					}
				},
				"leg2": {
					"rotation": {
						"0.0": [-25, 0, 1],
						"0.25": [-1, 0, 1],
						"0.5": [9, 0, 1],
						"0.75": [16, 0, 1],
						"1.0": [25, 0, -0.9],