{
	"format_version": "1.8.0",
	"animations": {
		"animation.vex.move": {
			"loop": true,
			"animation_length": 0.16667,
			"bones": {
				"leftwing": {
					"rotation": {
						"0.0": [
							28.13212,
							-12.02611,
							-15.09744
						],
						"0.0833": [
							43.9887,
							-45.44544,
							-43.66633
						],
						"0.1667": [
							28.13212,
							-12.02611,
							-15.09744
						]
					},
					"position": [
						0,
						0,
						"2-this"
					]
				},
				"leg0": {
					"rotation": [
						"variable.tcos0*1.4+36",
						0,
						0
					]
				},
				"rightArm": {
					"rotation": [
						"query.is_charging?(216-this):0",
						0,
						0
					]
				},
				"rightwing": {
					"rotation": {
						"0.0": [
							28.13212,
							12.02611,
							15.09744
						],
						"0.0833": [
							43.9887,
							45.44544,
							43.66633
						],
						"0.1667": [
							28.13212,
							12.02611,
							15.09744
						]
					},
					"position": [
						0,
						"3-this",
						"2-this"
					]
				}
			}
		}
	}
}